"sound.files","start","end","counts","duration","rate","minute"
"A_Campo_Abierto_M2Cuido_Materno2023-09-27_10-14-59_0000001 id 145.wav",0,60,0,60,0,1
"A_Campo_Abierto_M2Cuido_Materno2023-09-27_10-14-59_0000001 id 145.wav",60,120,0,60,0,2
"A_Campo_Abierto_M2Cuido_Materno2023-09-27_10-14-59_0000001 id 145.wav",120,180,0,60,0,3
"A_Campo_Abierto_M2Cuido_Materno2023-09-27_10-14-59_0000001 id 145.wav",180,240,0,60,0,4
"A_Campo_Abierto_M2Cuido_Materno2023-09-27_10-14-59_0000001 id 145.wav",240,300,0,60,0,5
"A_Campo_Abierto_M2Cuido_Materno2023-09-27_10-14-59_0000001 id 145.wav",300,300.875775,0,0.875774999999976,0,6
"A_Campo_Abierto_M2Cuido_Materno2023-09-27_10-24-11_0000002 id 109.wav",0,60,0,60,0,1
"A_Campo_Abierto_M2Cuido_Materno2023-09-27_10-24-11_0000002 id 109.wav",60,120,0,60,0,2
"A_Campo_Abierto_M2Cuido_Materno2023-09-27_10-24-11_0000002 id 109.wav",120,180,0,60,0,3
"A_Campo_Abierto_M2Cuido_Materno2023-09-27_10-24-11_0000002 id 109.wav",180,240,0,60,0,4
"A_Campo_Abierto_M2Cuido_Materno2023-09-27_10-24-11_0000002 id 109.wav",240,300,0,60,0,5
"A_Campo_Abierto_M2Cuido_Materno2023-09-27_10-24-11_0000002 id 109.wav",300,300.77747,0,0.777469999999994,0,6
"A_Campo_Abierto_M2Cuido_Materno2023-09-27_10-33-21_0000003 id 92.wav",0,60,0,60,0,1
"A_Campo_Abierto_M2Cuido_Materno2023-09-27_10-33-21_0000003 id 92.wav",60,120,0,60,0,2
"A_Campo_Abierto_M2Cuido_Materno2023-09-27_10-33-21_0000003 id 92.wav",120,180,0,60,0,3
"A_Campo_Abierto_M2Cuido_Materno2023-09-27_10-33-21_0000003 id 92.wav",180,240,0,60,0,4
"A_Campo_Abierto_M2Cuido_Materno2023-09-27_10-33-21_0000003 id 92.wav",240,300,0,60,0,5
"A_Campo_Abierto_M2Cuido_Materno2023-09-27_10-33-21_0000003 id 92.wav",300,300.77747,0,0.777469999999994,0,6
"A_Campo_Abierto_M2Cuido_Materno2023-09-27_10-42-22_0000004 id 144.wav",0,60,0,60,0,1
"A_Campo_Abierto_M2Cuido_Materno2023-09-27_10-42-22_0000004 id 144.wav",60,120,0,60,0,2
"A_Campo_Abierto_M2Cuido_Materno2023-09-27_10-42-22_0000004 id 144.wav",120,180,0,60,0,3
"A_Campo_Abierto_M2Cuido_Materno2023-09-27_10-42-22_0000004 id 144.wav",180,240,0,60,0,4
"A_Campo_Abierto_M2Cuido_Materno2023-09-27_10-42-22_0000004 id 144.wav",240,300,0,60,0,5
"A_Campo_Abierto_M2Cuido_Materno2023-09-27_10-42-22_0000004 id 144.wav",300,300.67917,0,0.679169999999999,0,6
"A_Campo_Abierto_M2Cuido_Materno2023-09-27_10-51-16_0000005 id 103.wav",0,60,0,60,0,1
"A_Campo_Abierto_M2Cuido_Materno2023-09-27_10-51-16_0000005 id 103.wav",60,120,0,60,0,2
"A_Campo_Abierto_M2Cuido_Materno2023-09-27_10-51-16_0000005 id 103.wav",120,180,0,60,0,3
"A_Campo_Abierto_M2Cuido_Materno2023-09-27_10-51-16_0000005 id 103.wav",180,240,0,60,0,4
"A_Campo_Abierto_M2Cuido_Materno2023-09-27_10-51-16_0000005 id 103.wav",240,300,0,60,0,5
"A_Campo_Abierto_M2Cuido_Materno2023-09-27_10-51-16_0000005 id 103.wav",300,300.67917,0,0.679169999999999,0,6
"A_Interaccion_social_M2Cuido_Materno2023-09-27_08-04-58_0000001 ID 145.wav",0,60,0,60,0,1
"A_Interaccion_social_M2Cuido_Materno2023-09-27_08-04-58_0000001 ID 145.wav",60,120,0,60,0,2
"A_Interaccion_social_M2Cuido_Materno2023-09-27_08-04-58_0000001 ID 145.wav",120,180,77,60,1.28333333333333,3
"A_Interaccion_social_M2Cuido_Materno2023-09-27_08-04-58_0000001 ID 145.wav",180,240,241,60,4.01666666666667,4
"A_Interaccion_social_M2Cuido_Materno2023-09-27_08-04-58_0000001 ID 145.wav",240,300,125,60,2.08333333333333,5
"A_Interaccion_social_M2Cuido_Materno2023-09-27_08-04-58_0000001 ID 145.wav",300,360,171,60,2.85,6
"A_Interaccion_social_M2Cuido_Materno2023-09-27_08-04-58_0000001 ID 145.wav",360,420,190,60,3.16666666666667,7
"A_Interaccion_social_M2Cuido_Materno2023-09-27_08-04-58_0000001 ID 145.wav",420,480,139,60,2.31666666666667,8
"A_Interaccion_social_M2Cuido_Materno2023-09-27_08-04-58_0000001 ID 145.wav",480,540,138,60,2.3,9
"A_Interaccion_social_M2Cuido_Materno2023-09-27_08-04-58_0000001 ID 145.wav",540,600,148,60,2.46666666666667,10
"A_Interaccion_social_M2Cuido_Materno2023-09-27_08-04-58_0000001 ID 145.wav",600,660,93,60,1.55,11
"A_Interaccion_social_M2Cuido_Materno2023-09-27_08-04-58_0000001 ID 145.wav",660,720,255,60,4.25,12
"A_Interaccion_social_M2Cuido_Materno2023-09-27_08-04-58_0000001 ID 145.wav",720,780,122,60,2.03333333333333,13
"A_Interaccion_social_M2Cuido_Materno2023-09-27_08-04-58_0000001 ID 145.wav",780,840,58,60,0.966666666666667,14
"A_Interaccion_social_M2Cuido_Materno2023-09-27_08-04-58_0000001 ID 145.wav",840,900,168,60,2.8,15
"A_Interaccion_social_M2Cuido_Materno2023-09-27_08-04-58_0000001 ID 145.wav",900,960,88,60,1.46666666666667,16
"A_Interaccion_social_M2Cuido_Materno2023-09-27_08-04-58_0000001 ID 145.wav",960,1020,48,60,0.8,17
"A_Interaccion_social_M2Cuido_Materno2023-09-27_08-04-58_0000001 ID 145.wav",1020,1054.34317,78,34.3431700000001,2.27119395210168,18
"A_Interaccion_social_M2Cuido_Materno2023-09-27_08-30-11_0000002 id 109.wav",0,60,3,60,0.05,1
"A_Interaccion_social_M2Cuido_Materno2023-09-27_08-30-11_0000002 id 109.wav",60,120,1,60,0.0166666666666667,2
"A_Interaccion_social_M2Cuido_Materno2023-09-27_08-30-11_0000002 id 109.wav",120,180,165,60,2.75,3
"A_Interaccion_social_M2Cuido_Materno2023-09-27_08-30-11_0000002 id 109.wav",180,240,100,60,1.66666666666667,4
"A_Interaccion_social_M2Cuido_Materno2023-09-27_08-30-11_0000002 id 109.wav",240,300,59,60,0.983333333333333,5
"A_Interaccion_social_M2Cuido_Materno2023-09-27_08-30-11_0000002 id 109.wav",300,360,65,60,1.08333333333333,6
"A_Interaccion_social_M2Cuido_Materno2023-09-27_08-30-11_0000002 id 109.wav",360,420,32,60,0.533333333333333,7
"A_Interaccion_social_M2Cuido_Materno2023-09-27_08-30-11_0000002 id 109.wav",420,480,83,60,1.38333333333333,8
"A_Interaccion_social_M2Cuido_Materno2023-09-27_08-30-11_0000002 id 109.wav",480,540,63,60,1.05,9
"A_Interaccion_social_M2Cuido_Materno2023-09-27_08-30-11_0000002 id 109.wav",540,600,45,60,0.75,10
"A_Interaccion_social_M2Cuido_Materno2023-09-27_08-30-11_0000002 id 109.wav",600,660,15,60,0.25,11
"A_Interaccion_social_M2Cuido_Materno2023-09-27_08-30-11_0000002 id 109.wav",660,720,21,60,0.35,12
"A_Interaccion_social_M2Cuido_Materno2023-09-27_08-30-11_0000002 id 109.wav",720,780,37,60,0.616666666666667,13
"A_Interaccion_social_M2Cuido_Materno2023-09-27_08-30-11_0000002 id 109.wav",780,840,59,60,0.983333333333333,14
"A_Interaccion_social_M2Cuido_Materno2023-09-27_08-30-11_0000002 id 109.wav",840,900,34,60,0.566666666666667,15
"A_Interaccion_social_M2Cuido_Materno2023-09-27_08-30-11_0000002 id 109.wav",900,960,26,60,0.433333333333333,16
"A_Interaccion_social_M2Cuido_Materno2023-09-27_08-30-11_0000002 id 109.wav",960,1020,6,60,0.1,17
"A_Interaccion_social_M2Cuido_Materno2023-09-27_08-30-11_0000002 id 109.wav",1020,1040.90829,1,20.9082900000001,0.0478279189737657,18
"A_Interaccion_social_M2Cuido_Materno2023-09-27_08-53-54_0000003 id 92.wav",0,60,22,60,0.366666666666667,1
"A_Interaccion_social_M2Cuido_Materno2023-09-27_08-53-54_0000003 id 92.wav",60,120,17,60,0.283333333333333,2
"A_Interaccion_social_M2Cuido_Materno2023-09-27_08-53-54_0000003 id 92.wav",120,180,95,60,1.58333333333333,3
"A_Interaccion_social_M2Cuido_Materno2023-09-27_08-53-54_0000003 id 92.wav",180,240,131,60,2.18333333333333,4
"A_Interaccion_social_M2Cuido_Materno2023-09-27_08-53-54_0000003 id 92.wav",240,300,121,60,2.01666666666667,5
"A_Interaccion_social_M2Cuido_Materno2023-09-27_08-53-54_0000003 id 92.wav",300,360,109,60,1.81666666666667,6
"A_Interaccion_social_M2Cuido_Materno2023-09-27_08-53-54_0000003 id 92.wav",360,420,68,60,1.13333333333333,7
"A_Interaccion_social_M2Cuido_Materno2023-09-27_08-53-54_0000003 id 92.wav",420,480,40,60,0.666666666666667,8
"A_Interaccion_social_M2Cuido_Materno2023-09-27_08-53-54_0000003 id 92.wav",480,540,88,60,1.46666666666667,9
"A_Interaccion_social_M2Cuido_Materno2023-09-27_08-53-54_0000003 id 92.wav",540,600,19,60,0.316666666666667,10
"A_Interaccion_social_M2Cuido_Materno2023-09-27_08-53-54_0000003 id 92.wav",600,660,101,60,1.68333333333333,11
"A_Interaccion_social_M2Cuido_Materno2023-09-27_08-53-54_0000003 id 92.wav",660,720,160,60,2.66666666666667,12
"A_Interaccion_social_M2Cuido_Materno2023-09-27_08-53-54_0000003 id 92.wav",720,780,73,60,1.21666666666667,13
"A_Interaccion_social_M2Cuido_Materno2023-09-27_08-53-54_0000003 id 92.wav",780,840,109,60,1.81666666666667,14
"A_Interaccion_social_M2Cuido_Materno2023-09-27_08-53-54_0000003 id 92.wav",840,900,85,60,1.41666666666667,15
"A_Interaccion_social_M2Cuido_Materno2023-09-27_08-53-54_0000003 id 92.wav",900,960,75,60,1.25,16
"A_Interaccion_social_M2Cuido_Materno2023-09-27_08-53-54_0000003 id 92.wav",960,1020,86,60,1.43333333333333,17
"A_Interaccion_social_M2Cuido_Materno2023-09-27_08-53-54_0000003 id 92.wav",1020,1048.28109,32,28.2810899999999,1.13149811411088,18
"A_Interaccion_social_M2Cuido_Materno2023-09-27_09-18-15_0000004 id 144.wav",0,60,1,60,0.0166666666666667,1
"A_Interaccion_social_M2Cuido_Materno2023-09-27_09-18-15_0000004 id 144.wav",60,120,4,60,0.0666666666666667,2
"A_Interaccion_social_M2Cuido_Materno2023-09-27_09-18-15_0000004 id 144.wav",120,180,150,60,2.5,3
"A_Interaccion_social_M2Cuido_Materno2023-09-27_09-18-15_0000004 id 144.wav",180,240,100,60,1.66666666666667,4
"A_Interaccion_social_M2Cuido_Materno2023-09-27_09-18-15_0000004 id 144.wav",240,300,130,60,2.16666666666667,5
"A_Interaccion_social_M2Cuido_Materno2023-09-27_09-18-15_0000004 id 144.wav",300,360,93,60,1.55,6
"A_Interaccion_social_M2Cuido_Materno2023-09-27_09-18-15_0000004 id 144.wav",360,420,68,60,1.13333333333333,7
"A_Interaccion_social_M2Cuido_Materno2023-09-27_09-18-15_0000004 id 144.wav",420,480,83,60,1.38333333333333,8
"A_Interaccion_social_M2Cuido_Materno2023-09-27_09-18-15_0000004 id 144.wav",480,540,58,60,0.966666666666667,9
"A_Interaccion_social_M2Cuido_Materno2023-09-27_09-18-15_0000004 id 144.wav",540,600,30,60,0.5,10
"A_Interaccion_social_M2Cuido_Materno2023-09-27_09-18-15_0000004 id 144.wav",600,660,42,60,0.7,11
"A_Interaccion_social_M2Cuido_Materno2023-09-27_09-18-15_0000004 id 144.wav",660,720,28,60,0.466666666666667,12
"A_Interaccion_social_M2Cuido_Materno2023-09-27_09-18-15_0000004 id 144.wav",720,780,33,60,0.55,13
"A_Interaccion_social_M2Cuido_Materno2023-09-27_09-18-15_0000004 id 144.wav",780,840,33,60,0.55,14
"A_Interaccion_social_M2Cuido_Materno2023-09-27_09-18-15_0000004 id 144.wav",840,900,35,60,0.583333333333333,15
"A_Interaccion_social_M2Cuido_Materno2023-09-27_09-18-15_0000004 id 144.wav",900,960,15,60,0.25,16
"A_Interaccion_social_M2Cuido_Materno2023-09-27_09-18-15_0000004 id 144.wav",960,1020,18,60,0.3,17
"A_Interaccion_social_M2Cuido_Materno2023-09-27_09-18-15_0000004 id 144.wav",1020,1045.200895,0,25.2008949999999,0,18
"A_Interaccion_social_M2Cuido_Materno2023-09-27_09-41-51_0000005 id 103.wav",0,60,0,60,0,1
"A_Interaccion_social_M2Cuido_Materno2023-09-27_09-41-51_0000005 id 103.wav",60,120,0,60,0,2
"A_Interaccion_social_M2Cuido_Materno2023-09-27_09-41-51_0000005 id 103.wav",120,180,96,60,1.6,3
"A_Interaccion_social_M2Cuido_Materno2023-09-27_09-41-51_0000005 id 103.wav",180,240,104,60,1.73333333333333,4
"A_Interaccion_social_M2Cuido_Materno2023-09-27_09-41-51_0000005 id 103.wav",240,300,85,60,1.41666666666667,5
"A_Interaccion_social_M2Cuido_Materno2023-09-27_09-41-51_0000005 id 103.wav",300,360,57,60,0.95,6
"A_Interaccion_social_M2Cuido_Materno2023-09-27_09-41-51_0000005 id 103.wav",360,420,32,60,0.533333333333333,7
"A_Interaccion_social_M2Cuido_Materno2023-09-27_09-41-51_0000005 id 103.wav",420,480,22,60,0.366666666666667,8
"A_Interaccion_social_M2Cuido_Materno2023-09-27_09-41-51_0000005 id 103.wav",480,540,61,60,1.01666666666667,9
"A_Interaccion_social_M2Cuido_Materno2023-09-27_09-41-51_0000005 id 103.wav",540,600,41,60,0.683333333333333,10
"A_Interaccion_social_M2Cuido_Materno2023-09-27_09-41-51_0000005 id 103.wav",600,660,28,60,0.466666666666667,11
"A_Interaccion_social_M2Cuido_Materno2023-09-27_09-41-51_0000005 id 103.wav",660,720,70,60,1.16666666666667,12
"A_Interaccion_social_M2Cuido_Materno2023-09-27_09-41-51_0000005 id 103.wav",720,780,16,60,0.266666666666667,13
"A_Interaccion_social_M2Cuido_Materno2023-09-27_09-41-51_0000005 id 103.wav",780,840,25,60,0.416666666666667,14
"A_Interaccion_social_M2Cuido_Materno2023-09-27_09-41-51_0000005 id 103.wav",840,900,27,60,0.45,15
"A_Interaccion_social_M2Cuido_Materno2023-09-27_09-41-51_0000005 id 103.wav",900,960,4,60,0.0666666666666667,16
"A_Interaccion_social_M2Cuido_Materno2023-09-27_09-41-51_0000005 id 103.wav",960,1020,2,60,0.0333333333333333,17
"A_Interaccion_social_M2Cuido_Materno2023-09-27_09-41-51_0000005 id 103.wav",1020,1061.912575,16,41.9125750000001,0.381747005522805,18
"B_Campo_Abierto_M2Cuido_Materno2023-09-27_10-14-59_0000001id 101.wav",0,60,0,60,0,1
"B_Campo_Abierto_M2Cuido_Materno2023-09-27_10-14-59_0000001id 101.wav",60,120,0,60,0,2
"B_Campo_Abierto_M2Cuido_Materno2023-09-27_10-14-59_0000001id 101.wav",120,180,0,60,0,3
"B_Campo_Abierto_M2Cuido_Materno2023-09-27_10-14-59_0000001id 101.wav",180,240,1,60,0.0166666666666667,4
"B_Campo_Abierto_M2Cuido_Materno2023-09-27_10-14-59_0000001id 101.wav",240,300,3,60,0.05,5
"B_Campo_Abierto_M2Cuido_Materno2023-09-27_10-14-59_0000001id 101.wav",300,300.875775,0,0.875774999999976,0,6
"B_Campo_Abierto_M2Cuido_Materno2023-09-27_10-24-11_0000002 id 115.wav",0,60,0,60,0,1
"B_Campo_Abierto_M2Cuido_Materno2023-09-27_10-24-11_0000002 id 115.wav",60,120,0,60,0,2
"B_Campo_Abierto_M2Cuido_Materno2023-09-27_10-24-11_0000002 id 115.wav",120,180,0,60,0,3
"B_Campo_Abierto_M2Cuido_Materno2023-09-27_10-24-11_0000002 id 115.wav",180,240,0,60,0,4
"B_Campo_Abierto_M2Cuido_Materno2023-09-27_10-24-11_0000002 id 115.wav",240,300,0,60,0,5
"B_Campo_Abierto_M2Cuido_Materno2023-09-27_10-24-11_0000002 id 115.wav",300,300.77747,0,0.777469999999994,0,6
"B_Campo_Abierto_M2Cuido_Materno2023-09-27_10-33-21_0000003 id 110.wav",0,60,9,60,0.15,1
"B_Campo_Abierto_M2Cuido_Materno2023-09-27_10-33-21_0000003 id 110.wav",60,120,1,60,0.0166666666666667,2
"B_Campo_Abierto_M2Cuido_Materno2023-09-27_10-33-21_0000003 id 110.wav",120,180,0,60,0,3
"B_Campo_Abierto_M2Cuido_Materno2023-09-27_10-33-21_0000003 id 110.wav",180,240,0,60,0,4
"B_Campo_Abierto_M2Cuido_Materno2023-09-27_10-33-21_0000003 id 110.wav",240,300,0,60,0,5
"B_Campo_Abierto_M2Cuido_Materno2023-09-27_10-33-21_0000003 id 110.wav",300,300.77747,0,0.777469999999994,0,6
"B_Campo_Abierto_M2Cuido_Materno2023-09-27_10-42-22_0000004 id 127.wav",0,60,0,60,0,1
"B_Campo_Abierto_M2Cuido_Materno2023-09-27_10-42-22_0000004 id 127.wav",60,120,0,60,0,2
"B_Campo_Abierto_M2Cuido_Materno2023-09-27_10-42-22_0000004 id 127.wav",120,180,1,60,0.0166666666666667,3
"B_Campo_Abierto_M2Cuido_Materno2023-09-27_10-42-22_0000004 id 127.wav",180,240,0,60,0,4
"B_Campo_Abierto_M2Cuido_Materno2023-09-27_10-42-22_0000004 id 127.wav",240,300,1,60,0.0166666666666667,5
"B_Campo_Abierto_M2Cuido_Materno2023-09-27_10-42-22_0000004 id 127.wav",300,300.67917,0,0.679169999999999,0,6
"B_Campo_Abierto_M2Cuido_Materno2023-09-27_10-51-17_0000005 id 128.wav",0,60,0,60,0,1
"B_Campo_Abierto_M2Cuido_Materno2023-09-27_10-51-17_0000005 id 128.wav",60,120,0,60,0,2
"B_Campo_Abierto_M2Cuido_Materno2023-09-27_10-51-17_0000005 id 128.wav",120,180,0,60,0,3
"B_Campo_Abierto_M2Cuido_Materno2023-09-27_10-51-17_0000005 id 128.wav",180,240,0,60,0,4
"B_Campo_Abierto_M2Cuido_Materno2023-09-27_10-51-17_0000005 id 128.wav",240,300,0,60,0,5
"B_Campo_Abierto_M2Cuido_Materno2023-09-27_10-51-17_0000005 id 128.wav",300,300.67917,0,0.679169999999999,0,6
"B_Interaccion_social_M2Cuido_Materno2023-09-27_08-04-58_0000001 ID 101.wav",0,60,0,60,0,1
"B_Interaccion_social_M2Cuido_Materno2023-09-27_08-04-58_0000001 ID 101.wav",60,120,1,60,0.0166666666666667,2
"B_Interaccion_social_M2Cuido_Materno2023-09-27_08-04-58_0000001 ID 101.wav",120,180,23,60,0.383333333333333,3
"B_Interaccion_social_M2Cuido_Materno2023-09-27_08-04-58_0000001 ID 101.wav",180,240,61,60,1.01666666666667,4
"B_Interaccion_social_M2Cuido_Materno2023-09-27_08-04-58_0000001 ID 101.wav",240,300,62,60,1.03333333333333,5
"B_Interaccion_social_M2Cuido_Materno2023-09-27_08-04-58_0000001 ID 101.wav",300,360,49,60,0.816666666666667,6
"B_Interaccion_social_M2Cuido_Materno2023-09-27_08-04-58_0000001 ID 101.wav",360,420,56,60,0.933333333333333,7
"B_Interaccion_social_M2Cuido_Materno2023-09-27_08-04-58_0000001 ID 101.wav",420,480,55,60,0.916666666666667,8
"B_Interaccion_social_M2Cuido_Materno2023-09-27_08-04-58_0000001 ID 101.wav",480,540,29,60,0.483333333333333,9
"B_Interaccion_social_M2Cuido_Materno2023-09-27_08-04-58_0000001 ID 101.wav",540,600,31,60,0.516666666666667,10
"B_Interaccion_social_M2Cuido_Materno2023-09-27_08-04-58_0000001 ID 101.wav",600,660,36,60,0.6,11
"B_Interaccion_social_M2Cuido_Materno2023-09-27_08-04-58_0000001 ID 101.wav",660,720,22,60,0.366666666666667,12
"B_Interaccion_social_M2Cuido_Materno2023-09-27_08-04-58_0000001 ID 101.wav",720,780,11,60,0.183333333333333,13
"B_Interaccion_social_M2Cuido_Materno2023-09-27_08-04-58_0000001 ID 101.wav",780,840,36,60,0.6,14
"B_Interaccion_social_M2Cuido_Materno2023-09-27_08-04-58_0000001 ID 101.wav",840,900,51,60,0.85,15
"B_Interaccion_social_M2Cuido_Materno2023-09-27_08-04-58_0000001 ID 101.wav",900,960,55,60,0.916666666666667,16
"B_Interaccion_social_M2Cuido_Materno2023-09-27_08-04-58_0000001 ID 101.wav",960,1020,10,60,0.166666666666667,17
"B_Interaccion_social_M2Cuido_Materno2023-09-27_08-04-58_0000001 ID 101.wav",1020,1054.34317,15,34.3431700000001,0.436768067711861,18
"B_Interaccion_social_M2Cuido_Materno2023-09-27_08-30-11_0000002 id 115.wav",0,60,1,60,0.0166666666666667,1
"B_Interaccion_social_M2Cuido_Materno2023-09-27_08-30-11_0000002 id 115.wav",60,120,0,60,0,2
"B_Interaccion_social_M2Cuido_Materno2023-09-27_08-30-11_0000002 id 115.wav",120,180,132,60,2.2,3
"B_Interaccion_social_M2Cuido_Materno2023-09-27_08-30-11_0000002 id 115.wav",180,240,248,60,4.13333333333333,4
"B_Interaccion_social_M2Cuido_Materno2023-09-27_08-30-11_0000002 id 115.wav",240,300,269,60,4.48333333333333,5
"B_Interaccion_social_M2Cuido_Materno2023-09-27_08-30-11_0000002 id 115.wav",300,360,186,60,3.1,6
"B_Interaccion_social_M2Cuido_Materno2023-09-27_08-30-11_0000002 id 115.wav",360,420,211,60,3.51666666666667,7
"B_Interaccion_social_M2Cuido_Materno2023-09-27_08-30-11_0000002 id 115.wav",420,480,178,60,2.96666666666667,8
"B_Interaccion_social_M2Cuido_Materno2023-09-27_08-30-11_0000002 id 115.wav",480,540,155,60,2.58333333333333,9
"B_Interaccion_social_M2Cuido_Materno2023-09-27_08-30-11_0000002 id 115.wav",540,600,96,60,1.6,10
"B_Interaccion_social_M2Cuido_Materno2023-09-27_08-30-11_0000002 id 115.wav",600,660,102,60,1.7,11
"B_Interaccion_social_M2Cuido_Materno2023-09-27_08-30-11_0000002 id 115.wav",660,720,189,60,3.15,12
"B_Interaccion_social_M2Cuido_Materno2023-09-27_08-30-11_0000002 id 115.wav",720,780,153,60,2.55,13
"B_Interaccion_social_M2Cuido_Materno2023-09-27_08-30-11_0000002 id 115.wav",780,840,134,60,2.23333333333333,14
"B_Interaccion_social_M2Cuido_Materno2023-09-27_08-30-11_0000002 id 115.wav",840,900,103,60,1.71666666666667,15
"B_Interaccion_social_M2Cuido_Materno2023-09-27_08-30-11_0000002 id 115.wav",900,960,148,60,2.46666666666667,16
"B_Interaccion_social_M2Cuido_Materno2023-09-27_08-30-11_0000002 id 115.wav",960,1020,115,60,1.91666666666667,17
"B_Interaccion_social_M2Cuido_Materno2023-09-27_08-30-11_0000002 id 115.wav",1020,1040.90829,20,20.9082900000001,0.956558379475315,18
"B_Interaccion_social_M2Cuido_Materno2023-09-27_08-53-54_0000003 id 110.wav",0,60,11,60,0.183333333333333,1
"B_Interaccion_social_M2Cuido_Materno2023-09-27_08-53-54_0000003 id 110.wav",60,120,40,60,0.666666666666667,2
"B_Interaccion_social_M2Cuido_Materno2023-09-27_08-53-54_0000003 id 110.wav",120,180,136,60,2.26666666666667,3
"B_Interaccion_social_M2Cuido_Materno2023-09-27_08-53-54_0000003 id 110.wav",180,240,182,60,3.03333333333333,4
"B_Interaccion_social_M2Cuido_Materno2023-09-27_08-53-54_0000003 id 110.wav",240,300,104,60,1.73333333333333,5
"B_Interaccion_social_M2Cuido_Materno2023-09-27_08-53-54_0000003 id 110.wav",300,360,60,60,1,6
"B_Interaccion_social_M2Cuido_Materno2023-09-27_08-53-54_0000003 id 110.wav",360,420,78,60,1.3,7
"B_Interaccion_social_M2Cuido_Materno2023-09-27_08-53-54_0000003 id 110.wav",420,480,33,60,0.55,8
"B_Interaccion_social_M2Cuido_Materno2023-09-27_08-53-54_0000003 id 110.wav",480,540,72,60,1.2,9
"B_Interaccion_social_M2Cuido_Materno2023-09-27_08-53-54_0000003 id 110.wav",540,600,56,60,0.933333333333333,10
"B_Interaccion_social_M2Cuido_Materno2023-09-27_08-53-54_0000003 id 110.wav",600,660,47,60,0.783333333333333,11
"B_Interaccion_social_M2Cuido_Materno2023-09-27_08-53-54_0000003 id 110.wav",660,720,47,60,0.783333333333333,12
"B_Interaccion_social_M2Cuido_Materno2023-09-27_08-53-54_0000003 id 110.wav",720,780,23,60,0.383333333333333,13
"B_Interaccion_social_M2Cuido_Materno2023-09-27_08-53-54_0000003 id 110.wav",780,840,34,60,0.566666666666667,14
"B_Interaccion_social_M2Cuido_Materno2023-09-27_08-53-54_0000003 id 110.wav",840,900,73,60,1.21666666666667,15
"B_Interaccion_social_M2Cuido_Materno2023-09-27_08-53-54_0000003 id 110.wav",900,960,68,60,1.13333333333333,16
"B_Interaccion_social_M2Cuido_Materno2023-09-27_08-53-54_0000003 id 110.wav",960,1020,52,60,0.866666666666667,17
"B_Interaccion_social_M2Cuido_Materno2023-09-27_08-53-54_0000003 id 110.wav",1020,1048.28109,25,28.2810899999999,0.883982901649125,18
"B_Interaccion_social_M2Cuido_Materno2023-09-27_09-18-15_0000004 id 127.wav",0,60,36,60,0.6,1
"B_Interaccion_social_M2Cuido_Materno2023-09-27_09-18-15_0000004 id 127.wav",60,120,37,60,0.616666666666667,2
"B_Interaccion_social_M2Cuido_Materno2023-09-27_09-18-15_0000004 id 127.wav",120,180,37,60,0.616666666666667,3
"B_Interaccion_social_M2Cuido_Materno2023-09-27_09-18-15_0000004 id 127.wav",180,240,27,60,0.45,4
"B_Interaccion_social_M2Cuido_Materno2023-09-27_09-18-15_0000004 id 127.wav",240,300,22,60,0.366666666666667,5
"B_Interaccion_social_M2Cuido_Materno2023-09-27_09-18-15_0000004 id 127.wav",300,360,28,60,0.466666666666667,6
"B_Interaccion_social_M2Cuido_Materno2023-09-27_09-18-15_0000004 id 127.wav",360,420,10,60,0.166666666666667,7
"B_Interaccion_social_M2Cuido_Materno2023-09-27_09-18-15_0000004 id 127.wav",420,480,12,60,0.2,8
"B_Interaccion_social_M2Cuido_Materno2023-09-27_09-18-15_0000004 id 127.wav",480,540,3,60,0.05,9
"B_Interaccion_social_M2Cuido_Materno2023-09-27_09-18-15_0000004 id 127.wav",540,600,18,60,0.3,10
"B_Interaccion_social_M2Cuido_Materno2023-09-27_09-18-15_0000004 id 127.wav",600,660,14,60,0.233333333333333,11
"B_Interaccion_social_M2Cuido_Materno2023-09-27_09-18-15_0000004 id 127.wav",660,720,6,60,0.1,12
"B_Interaccion_social_M2Cuido_Materno2023-09-27_09-18-15_0000004 id 127.wav",720,780,5,60,0.0833333333333333,13
"B_Interaccion_social_M2Cuido_Materno2023-09-27_09-18-15_0000004 id 127.wav",780,840,16,60,0.266666666666667,14
"B_Interaccion_social_M2Cuido_Materno2023-09-27_09-18-15_0000004 id 127.wav",840,900,9,60,0.15,15
"B_Interaccion_social_M2Cuido_Materno2023-09-27_09-18-15_0000004 id 127.wav",900,960,6,60,0.1,16
"B_Interaccion_social_M2Cuido_Materno2023-09-27_09-18-15_0000004 id 127.wav",960,1020,7,60,0.116666666666667,17
"B_Interaccion_social_M2Cuido_Materno2023-09-27_09-18-15_0000004 id 127.wav",1020,1045.200895,15,25.2008949999999,0.595216955588285,18
"B_Interaccion_social_M2Cuido_Materno2023-09-27_09-41-51_0000005 id 128.wav",0,60,5,60,0.0833333333333333,1
"B_Interaccion_social_M2Cuido_Materno2023-09-27_09-41-51_0000005 id 128.wav",60,120,10,60,0.166666666666667,2
"B_Interaccion_social_M2Cuido_Materno2023-09-27_09-41-51_0000005 id 128.wav",120,180,146,60,2.43333333333333,3
"B_Interaccion_social_M2Cuido_Materno2023-09-27_09-41-51_0000005 id 128.wav",180,240,213,60,3.55,4
"B_Interaccion_social_M2Cuido_Materno2023-09-27_09-41-51_0000005 id 128.wav",240,300,151,60,2.51666666666667,5
"B_Interaccion_social_M2Cuido_Materno2023-09-27_09-41-51_0000005 id 128.wav",300,360,116,60,1.93333333333333,6
"B_Interaccion_social_M2Cuido_Materno2023-09-27_09-41-51_0000005 id 128.wav",360,420,112,60,1.86666666666667,7
"B_Interaccion_social_M2Cuido_Materno2023-09-27_09-41-51_0000005 id 128.wav",420,480,62,60,1.03333333333333,8
"B_Interaccion_social_M2Cuido_Materno2023-09-27_09-41-51_0000005 id 128.wav",480,540,78,60,1.3,9
"B_Interaccion_social_M2Cuido_Materno2023-09-27_09-41-51_0000005 id 128.wav",540,600,45,60,0.75,10
"B_Interaccion_social_M2Cuido_Materno2023-09-27_09-41-51_0000005 id 128.wav",600,660,43,60,0.716666666666667,11
"B_Interaccion_social_M2Cuido_Materno2023-09-27_09-41-51_0000005 id 128.wav",660,720,30,60,0.5,12
"B_Interaccion_social_M2Cuido_Materno2023-09-27_09-41-51_0000005 id 128.wav",720,780,54,60,0.9,13
"B_Interaccion_social_M2Cuido_Materno2023-09-27_09-41-51_0000005 id 128.wav",780,840,36,60,0.6,14
"B_Interaccion_social_M2Cuido_Materno2023-09-27_09-41-51_0000005 id 128.wav",840,900,38,60,0.633333333333333,15
"B_Interaccion_social_M2Cuido_Materno2023-09-27_09-41-51_0000005 id 128.wav",900,960,0,60,0,16
"B_Interaccion_social_M2Cuido_Materno2023-09-27_09-41-51_0000005 id 128.wav",960,1020,0,60,0,17
"B_Interaccion_social_M2Cuido_Materno2023-09-27_09-41-51_0000005 id 128.wav",1020,1061.912575,0,41.9125750000001,0,18
"C_Campo_Abierto_M2Cuido_Materno2023-09-27_10-14-59_0000001 id 97.wav",0,60,0,60,0,1
"C_Campo_Abierto_M2Cuido_Materno2023-09-27_10-14-59_0000001 id 97.wav",60,120,0,60,0,2
"C_Campo_Abierto_M2Cuido_Materno2023-09-27_10-14-59_0000001 id 97.wav",120,180,0,60,0,3
"C_Campo_Abierto_M2Cuido_Materno2023-09-27_10-14-59_0000001 id 97.wav",180,240,0,60,0,4
"C_Campo_Abierto_M2Cuido_Materno2023-09-27_10-14-59_0000001 id 97.wav",240,300,0,60,0,5
"C_Campo_Abierto_M2Cuido_Materno2023-09-27_10-14-59_0000001 id 97.wav",300,300.875775,0,0.875774999999976,0,6
"C_Campo_Abierto_M2Cuido_Materno2023-09-27_10-24-11_0000002 id 147.wav",0,60,0,60,0,1
"C_Campo_Abierto_M2Cuido_Materno2023-09-27_10-24-11_0000002 id 147.wav",60,120,0,60,0,2
"C_Campo_Abierto_M2Cuido_Materno2023-09-27_10-24-11_0000002 id 147.wav",120,180,0,60,0,3
"C_Campo_Abierto_M2Cuido_Materno2023-09-27_10-24-11_0000002 id 147.wav",180,240,0,60,0,4
"C_Campo_Abierto_M2Cuido_Materno2023-09-27_10-24-11_0000002 id 147.wav",240,300,0,60,0,5
"C_Campo_Abierto_M2Cuido_Materno2023-09-27_10-24-11_0000002 id 147.wav",300,300.77747,0,0.777469999999994,0,6
"C_Campo_Abierto_M2Cuido_Materno2023-09-27_10-33-21_0000003 id 129.wav",0,60,11,60,0.183333333333333,1
"C_Campo_Abierto_M2Cuido_Materno2023-09-27_10-33-21_0000003 id 129.wav",60,120,34,60,0.566666666666667,2
"C_Campo_Abierto_M2Cuido_Materno2023-09-27_10-33-21_0000003 id 129.wav",120,180,18,60,0.3,3
"C_Campo_Abierto_M2Cuido_Materno2023-09-27_10-33-21_0000003 id 129.wav",180,240,36,60,0.6,4
"C_Campo_Abierto_M2Cuido_Materno2023-09-27_10-33-21_0000003 id 129.wav",240,300,11,60,0.183333333333333,5
"C_Campo_Abierto_M2Cuido_Materno2023-09-27_10-33-21_0000003 id 129.wav",300,300.77747,0,0.777469999999994,0,6
"C_Campo_Abierto_M2Cuido_Materno2023-09-27_10-42-22_0000004 id 122.wav",0,60,0,60,0,1
"C_Campo_Abierto_M2Cuido_Materno2023-09-27_10-42-22_0000004 id 122.wav",60,120,4,60,0.0666666666666667,2
"C_Campo_Abierto_M2Cuido_Materno2023-09-27_10-42-22_0000004 id 122.wav",120,180,2,60,0.0333333333333333,3
"C_Campo_Abierto_M2Cuido_Materno2023-09-27_10-42-22_0000004 id 122.wav",180,240,3,60,0.05,4
"C_Campo_Abierto_M2Cuido_Materno2023-09-27_10-42-22_0000004 id 122.wav",240,300,2,60,0.0333333333333333,5
"C_Campo_Abierto_M2Cuido_Materno2023-09-27_10-42-22_0000004 id 122.wav",300,300.67917,0,0.679169999999999,0,6
"C_Campo_Abierto_M2Cuido_Materno2023-09-27_10-51-17_0000005 106.wav",0,60,0,60,0,1
"C_Campo_Abierto_M2Cuido_Materno2023-09-27_10-51-17_0000005 106.wav",60,120,0,60,0,2
"C_Campo_Abierto_M2Cuido_Materno2023-09-27_10-51-17_0000005 106.wav",120,180,0,60,0,3
"C_Campo_Abierto_M2Cuido_Materno2023-09-27_10-51-17_0000005 106.wav",180,240,0,60,0,4
"C_Campo_Abierto_M2Cuido_Materno2023-09-27_10-51-17_0000005 106.wav",240,300,0,60,0,5
"C_Campo_Abierto_M2Cuido_Materno2023-09-27_10-51-17_0000005 106.wav",300,300.67917,0,0.679169999999999,0,6
"C_Interaccion_social_M2Cuido_Materno2023-09-27_08-04-58_0000001 ID 97.wav",0,60,0,60,0,1
"C_Interaccion_social_M2Cuido_Materno2023-09-27_08-04-58_0000001 ID 97.wav",60,120,0,60,0,2
"C_Interaccion_social_M2Cuido_Materno2023-09-27_08-04-58_0000001 ID 97.wav",120,180,37,60,0.616666666666667,3
"C_Interaccion_social_M2Cuido_Materno2023-09-27_08-04-58_0000001 ID 97.wav",180,240,226,60,3.76666666666667,4
"C_Interaccion_social_M2Cuido_Materno2023-09-27_08-04-58_0000001 ID 97.wav",240,300,251,60,4.18333333333333,5
"C_Interaccion_social_M2Cuido_Materno2023-09-27_08-04-58_0000001 ID 97.wav",300,360,190,60,3.16666666666667,6
"C_Interaccion_social_M2Cuido_Materno2023-09-27_08-04-58_0000001 ID 97.wav",360,420,155,60,2.58333333333333,7
"C_Interaccion_social_M2Cuido_Materno2023-09-27_08-04-58_0000001 ID 97.wav",420,480,153,60,2.55,8
"C_Interaccion_social_M2Cuido_Materno2023-09-27_08-04-58_0000001 ID 97.wav",480,540,75,60,1.25,9
"C_Interaccion_social_M2Cuido_Materno2023-09-27_08-04-58_0000001 ID 97.wav",540,600,85,60,1.41666666666667,10
"C_Interaccion_social_M2Cuido_Materno2023-09-27_08-04-58_0000001 ID 97.wav",600,660,57,60,0.95,11
"C_Interaccion_social_M2Cuido_Materno2023-09-27_08-04-58_0000001 ID 97.wav",660,720,91,60,1.51666666666667,12
"C_Interaccion_social_M2Cuido_Materno2023-09-27_08-04-58_0000001 ID 97.wav",720,780,89,60,1.48333333333333,13
"C_Interaccion_social_M2Cuido_Materno2023-09-27_08-04-58_0000001 ID 97.wav",780,840,66,60,1.1,14
"C_Interaccion_social_M2Cuido_Materno2023-09-27_08-04-58_0000001 ID 97.wav",840,900,48,60,0.8,15
"C_Interaccion_social_M2Cuido_Materno2023-09-27_08-04-58_0000001 ID 97.wav",900,960,20,60,0.333333333333333,16
"C_Interaccion_social_M2Cuido_Materno2023-09-27_08-04-58_0000001 ID 97.wav",960,1020,16,60,0.266666666666667,17
"C_Interaccion_social_M2Cuido_Materno2023-09-27_08-04-58_0000001 ID 97.wav",1020,1054.34317,12,34.3431700000001,0.349414454169489,18
"C_Interaccion_social_M2Cuido_Materno2023-09-27_08-30-11_0000002 id 147.wav",0,60,1,60,0.0166666666666667,1
"C_Interaccion_social_M2Cuido_Materno2023-09-27_08-30-11_0000002 id 147.wav",60,120,0,60,0,2
"C_Interaccion_social_M2Cuido_Materno2023-09-27_08-30-11_0000002 id 147.wav",120,180,59,60,0.983333333333333,3
"C_Interaccion_social_M2Cuido_Materno2023-09-27_08-30-11_0000002 id 147.wav",180,240,57,60,0.95,4
"C_Interaccion_social_M2Cuido_Materno2023-09-27_08-30-11_0000002 id 147.wav",240,300,51,60,0.85,5
"C_Interaccion_social_M2Cuido_Materno2023-09-27_08-30-11_0000002 id 147.wav",300,360,23,60,0.383333333333333,6
"C_Interaccion_social_M2Cuido_Materno2023-09-27_08-30-11_0000002 id 147.wav",360,420,35,60,0.583333333333333,7
"C_Interaccion_social_M2Cuido_Materno2023-09-27_08-30-11_0000002 id 147.wav",420,480,24,60,0.4,8
"C_Interaccion_social_M2Cuido_Materno2023-09-27_08-30-11_0000002 id 147.wav",480,540,44,60,0.733333333333333,9
"C_Interaccion_social_M2Cuido_Materno2023-09-27_08-30-11_0000002 id 147.wav",540,600,30,60,0.5,10
"C_Interaccion_social_M2Cuido_Materno2023-09-27_08-30-11_0000002 id 147.wav",600,660,48,60,0.8,11
"C_Interaccion_social_M2Cuido_Materno2023-09-27_08-30-11_0000002 id 147.wav",660,720,21,60,0.35,12
"C_Interaccion_social_M2Cuido_Materno2023-09-27_08-30-11_0000002 id 147.wav",720,780,8,60,0.133333333333333,13
"C_Interaccion_social_M2Cuido_Materno2023-09-27_08-30-11_0000002 id 147.wav",780,840,34,60,0.566666666666667,14
"C_Interaccion_social_M2Cuido_Materno2023-09-27_08-30-11_0000002 id 147.wav",840,900,32,60,0.533333333333333,15
"C_Interaccion_social_M2Cuido_Materno2023-09-27_08-30-11_0000002 id 147.wav",900,960,17,60,0.283333333333333,16
"C_Interaccion_social_M2Cuido_Materno2023-09-27_08-30-11_0000002 id 147.wav",960,1020,9,60,0.15,17
"C_Interaccion_social_M2Cuido_Materno2023-09-27_08-30-11_0000002 id 147.wav",1020,1040.90829,5,20.9082900000001,0.239139594868829,18
"C_Interaccion_social_M2Cuido_Materno2023-09-27_08-53-54_0000003 id 129.wav",0,60,6,60,0.1,1
"C_Interaccion_social_M2Cuido_Materno2023-09-27_08-53-54_0000003 id 129.wav",60,120,3,60,0.05,2
"C_Interaccion_social_M2Cuido_Materno2023-09-27_08-53-54_0000003 id 129.wav",120,180,136,60,2.26666666666667,3
"C_Interaccion_social_M2Cuido_Materno2023-09-27_08-53-54_0000003 id 129.wav",180,240,126,60,2.1,4
"C_Interaccion_social_M2Cuido_Materno2023-09-27_08-53-54_0000003 id 129.wav",240,300,139,60,2.31666666666667,5
"C_Interaccion_social_M2Cuido_Materno2023-09-27_08-53-54_0000003 id 129.wav",300,360,114,60,1.9,6
"C_Interaccion_social_M2Cuido_Materno2023-09-27_08-53-54_0000003 id 129.wav",360,420,137,60,2.28333333333333,7
"C_Interaccion_social_M2Cuido_Materno2023-09-27_08-53-54_0000003 id 129.wav",420,480,147,60,2.45,8
"C_Interaccion_social_M2Cuido_Materno2023-09-27_08-53-54_0000003 id 129.wav",480,540,227,60,3.78333333333333,9
"C_Interaccion_social_M2Cuido_Materno2023-09-27_08-53-54_0000003 id 129.wav",540,600,111,60,1.85,10
"C_Interaccion_social_M2Cuido_Materno2023-09-27_08-53-54_0000003 id 129.wav",600,660,181,60,3.01666666666667,11
"C_Interaccion_social_M2Cuido_Materno2023-09-27_08-53-54_0000003 id 129.wav",660,720,127,60,2.11666666666667,12
"C_Interaccion_social_M2Cuido_Materno2023-09-27_08-53-54_0000003 id 129.wav",720,780,59,60,0.983333333333333,13
"C_Interaccion_social_M2Cuido_Materno2023-09-27_08-53-54_0000003 id 129.wav",780,840,84,60,1.4,14
"C_Interaccion_social_M2Cuido_Materno2023-09-27_08-53-54_0000003 id 129.wav",840,900,78,60,1.3,15
"C_Interaccion_social_M2Cuido_Materno2023-09-27_08-53-54_0000003 id 129.wav",900,960,40,60,0.666666666666667,16
"C_Interaccion_social_M2Cuido_Materno2023-09-27_08-53-54_0000003 id 129.wav",960,1020,31,60,0.516666666666667,17
"C_Interaccion_social_M2Cuido_Materno2023-09-27_08-53-54_0000003 id 129.wav",1020,1048.28109,18,28.2810899999999,0.63646768918737,18
"C_Interaccion_social_M2Cuido_Materno2023-09-27_09-18-15_0000004 id 122.wav",0,60,1,60,0.0166666666666667,1
"C_Interaccion_social_M2Cuido_Materno2023-09-27_09-18-15_0000004 id 122.wav",60,120,20,60,0.333333333333333,2
"C_Interaccion_social_M2Cuido_Materno2023-09-27_09-18-15_0000004 id 122.wav",120,180,104,60,1.73333333333333,3
"C_Interaccion_social_M2Cuido_Materno2023-09-27_09-18-15_0000004 id 122.wav",180,240,53,60,0.883333333333333,4
"C_Interaccion_social_M2Cuido_Materno2023-09-27_09-18-15_0000004 id 122.wav",240,300,48,60,0.8,5
"C_Interaccion_social_M2Cuido_Materno2023-09-27_09-18-15_0000004 id 122.wav",300,360,50,60,0.833333333333333,6
"C_Interaccion_social_M2Cuido_Materno2023-09-27_09-18-15_0000004 id 122.wav",360,420,46,60,0.766666666666667,7
"C_Interaccion_social_M2Cuido_Materno2023-09-27_09-18-15_0000004 id 122.wav",420,480,41,60,0.683333333333333,8
"C_Interaccion_social_M2Cuido_Materno2023-09-27_09-18-15_0000004 id 122.wav",480,540,37,60,0.616666666666667,9
"C_Interaccion_social_M2Cuido_Materno2023-09-27_09-18-15_0000004 id 122.wav",540,600,11,60,0.183333333333333,10
"C_Interaccion_social_M2Cuido_Materno2023-09-27_09-18-15_0000004 id 122.wav",600,660,26,60,0.433333333333333,11
"C_Interaccion_social_M2Cuido_Materno2023-09-27_09-18-15_0000004 id 122.wav",660,720,17,60,0.283333333333333,12
"C_Interaccion_social_M2Cuido_Materno2023-09-27_09-18-15_0000004 id 122.wav",720,780,21,60,0.35,13
"C_Interaccion_social_M2Cuido_Materno2023-09-27_09-18-15_0000004 id 122.wav",780,840,10,60,0.166666666666667,14
"C_Interaccion_social_M2Cuido_Materno2023-09-27_09-18-15_0000004 id 122.wav",840,900,21,60,0.35,15
"C_Interaccion_social_M2Cuido_Materno2023-09-27_09-18-15_0000004 id 122.wav",900,960,5,60,0.0833333333333333,16
"C_Interaccion_social_M2Cuido_Materno2023-09-27_09-18-15_0000004 id 122.wav",960,1020,7,60,0.116666666666667,17
"C_Interaccion_social_M2Cuido_Materno2023-09-27_09-18-15_0000004 id 122.wav",1020,1045.200895,14,25.2008949999999,0.555535825215733,18
"C_Interaccion_social_M2Cuido_Materno2023-09-27_09-41-51_0000005 106.wav",0,60,0,60,0,1
"C_Interaccion_social_M2Cuido_Materno2023-09-27_09-41-51_0000005 106.wav",60,120,0,60,0,2
"C_Interaccion_social_M2Cuido_Materno2023-09-27_09-41-51_0000005 106.wav",120,180,166,60,2.76666666666667,3
"C_Interaccion_social_M2Cuido_Materno2023-09-27_09-41-51_0000005 106.wav",180,240,47,60,0.783333333333333,4
"C_Interaccion_social_M2Cuido_Materno2023-09-27_09-41-51_0000005 106.wav",240,300,79,60,1.31666666666667,5
"C_Interaccion_social_M2Cuido_Materno2023-09-27_09-41-51_0000005 106.wav",300,360,89,60,1.48333333333333,6
"C_Interaccion_social_M2Cuido_Materno2023-09-27_09-41-51_0000005 106.wav",360,420,21,60,0.35,7
"C_Interaccion_social_M2Cuido_Materno2023-09-27_09-41-51_0000005 106.wav",420,480,70,60,1.16666666666667,8
"C_Interaccion_social_M2Cuido_Materno2023-09-27_09-41-51_0000005 106.wav",480,540,64,60,1.06666666666667,9
"C_Interaccion_social_M2Cuido_Materno2023-09-27_09-41-51_0000005 106.wav",540,600,74,60,1.23333333333333,10
"C_Interaccion_social_M2Cuido_Materno2023-09-27_09-41-51_0000005 106.wav",600,660,47,60,0.783333333333333,11
"C_Interaccion_social_M2Cuido_Materno2023-09-27_09-41-51_0000005 106.wav",660,720,67,60,1.11666666666667,12
"C_Interaccion_social_M2Cuido_Materno2023-09-27_09-41-51_0000005 106.wav",720,780,37,60,0.616666666666667,13
"C_Interaccion_social_M2Cuido_Materno2023-09-27_09-41-51_0000005 106.wav",780,840,46,60,0.766666666666667,14
"C_Interaccion_social_M2Cuido_Materno2023-09-27_09-41-51_0000005 106.wav",840,900,41,60,0.683333333333333,15
"C_Interaccion_social_M2Cuido_Materno2023-09-27_09-41-51_0000005 106.wav",900,960,69,60,1.15,16
"C_Interaccion_social_M2Cuido_Materno2023-09-27_09-41-51_0000005 106.wav",960,1020,22,60,0.366666666666667,17
"C_Interaccion_social_M2Cuido_Materno2023-09-27_09-41-51_0000005 106.wav",1020,1061.912575,30,41.9125750000001,0.715775635355259,18
"D_Campo_Abierto_M2Cuido_Materno2023-09-27_10-14-59_0000001 93.wav",0,60,12,60,0.2,1
"D_Campo_Abierto_M2Cuido_Materno2023-09-27_10-14-59_0000001 93.wav",60,120,1,60,0.0166666666666667,2
"D_Campo_Abierto_M2Cuido_Materno2023-09-27_10-14-59_0000001 93.wav",120,180,0,60,0,3
"D_Campo_Abierto_M2Cuido_Materno2023-09-27_10-14-59_0000001 93.wav",180,240,0,60,0,4
"D_Campo_Abierto_M2Cuido_Materno2023-09-27_10-14-59_0000001 93.wav",240,300,0,60,0,5
"D_Campo_Abierto_M2Cuido_Materno2023-09-27_10-14-59_0000001 93.wav",300,300.875775,0,0.875774999999976,0,6
"D_Campo_Abierto_M2Cuido_Materno2023-09-27_10-24-11_0000002 id 123.wav",0,60,0,60,0,1
"D_Campo_Abierto_M2Cuido_Materno2023-09-27_10-24-11_0000002 id 123.wav",60,120,0,60,0,2
"D_Campo_Abierto_M2Cuido_Materno2023-09-27_10-24-11_0000002 id 123.wav",120,180,0,60,0,3
"D_Campo_Abierto_M2Cuido_Materno2023-09-27_10-24-11_0000002 id 123.wav",180,240,0,60,0,4
"D_Campo_Abierto_M2Cuido_Materno2023-09-27_10-24-11_0000002 id 123.wav",240,300,1,60,0.0166666666666667,5
"D_Campo_Abierto_M2Cuido_Materno2023-09-27_10-24-11_0000002 id 123.wav",300,300.77747,0,0.777469999999994,0,6
"D_Campo_Abierto_M2Cuido_Materno2023-09-27_10-33-21_0000003 id 116.wav",0,60,1,60,0.0166666666666667,1
"D_Campo_Abierto_M2Cuido_Materno2023-09-27_10-33-21_0000003 id 116.wav",60,120,0,60,0,2
"D_Campo_Abierto_M2Cuido_Materno2023-09-27_10-33-21_0000003 id 116.wav",120,180,0,60,0,3
"D_Campo_Abierto_M2Cuido_Materno2023-09-27_10-33-21_0000003 id 116.wav",180,240,0,60,0,4
"D_Campo_Abierto_M2Cuido_Materno2023-09-27_10-33-21_0000003 id 116.wav",240,300,0,60,0,5
"D_Campo_Abierto_M2Cuido_Materno2023-09-27_10-33-21_0000003 id 116.wav",300,300.77747,0,0.777469999999994,0,6
"D_Campo_Abierto_M2Cuido_Materno2023-09-27_10-42-22_0000004 105.wav",0,60,6,60,0.1,1
"D_Campo_Abierto_M2Cuido_Materno2023-09-27_10-42-22_0000004 105.wav",60,120,12,60,0.2,2
"D_Campo_Abierto_M2Cuido_Materno2023-09-27_10-42-22_0000004 105.wav",120,180,2,60,0.0333333333333333,3
"D_Campo_Abierto_M2Cuido_Materno2023-09-27_10-42-22_0000004 105.wav",180,240,3,60,0.05,4
"D_Campo_Abierto_M2Cuido_Materno2023-09-27_10-42-22_0000004 105.wav",240,300,1,60,0.0166666666666667,5
"D_Campo_Abierto_M2Cuido_Materno2023-09-27_10-42-22_0000004 105.wav",300,300.67917,4,0.679169999999999,5.88954164642137,6
"D_Campo_Abierto_M2Cuido_Materno2023-09-27_10-51-17_0000005.wav",0,60,0,60,0,1
"D_Campo_Abierto_M2Cuido_Materno2023-09-27_10-51-17_0000005.wav",60,120,0,60,0,2
"D_Campo_Abierto_M2Cuido_Materno2023-09-27_10-51-17_0000005.wav",120,180,0,60,0,3
"D_Campo_Abierto_M2Cuido_Materno2023-09-27_10-51-17_0000005.wav",180,240,0,60,0,4
"D_Campo_Abierto_M2Cuido_Materno2023-09-27_10-51-17_0000005.wav",240,300,0,60,0,5
"D_Campo_Abierto_M2Cuido_Materno2023-09-27_10-51-17_0000005.wav",300,300.67917,0,0.679169999999999,0,6
"D_Interaccion_social_M2Cuido_Materno2023-09-27_08-04-58_0000001 ID 93.wav",0,60,0,60,0,1
"D_Interaccion_social_M2Cuido_Materno2023-09-27_08-04-58_0000001 ID 93.wav",60,120,0,60,0,2
"D_Interaccion_social_M2Cuido_Materno2023-09-27_08-04-58_0000001 ID 93.wav",120,180,96,60,1.6,3
"D_Interaccion_social_M2Cuido_Materno2023-09-27_08-04-58_0000001 ID 93.wav",180,240,173,60,2.88333333333333,4
"D_Interaccion_social_M2Cuido_Materno2023-09-27_08-04-58_0000001 ID 93.wav",240,300,134,60,2.23333333333333,5
"D_Interaccion_social_M2Cuido_Materno2023-09-27_08-04-58_0000001 ID 93.wav",300,360,129,60,2.15,6
"D_Interaccion_social_M2Cuido_Materno2023-09-27_08-04-58_0000001 ID 93.wav",360,420,208,60,3.46666666666667,7
"D_Interaccion_social_M2Cuido_Materno2023-09-27_08-04-58_0000001 ID 93.wav",420,480,111,60,1.85,8
"D_Interaccion_social_M2Cuido_Materno2023-09-27_08-04-58_0000001 ID 93.wav",480,540,93,60,1.55,9
"D_Interaccion_social_M2Cuido_Materno2023-09-27_08-04-58_0000001 ID 93.wav",540,600,174,60,2.9,10
"D_Interaccion_social_M2Cuido_Materno2023-09-27_08-04-58_0000001 ID 93.wav",600,660,132,60,2.2,11
"D_Interaccion_social_M2Cuido_Materno2023-09-27_08-04-58_0000001 ID 93.wav",660,720,120,60,2,12
"D_Interaccion_social_M2Cuido_Materno2023-09-27_08-04-58_0000001 ID 93.wav",720,780,62,60,1.03333333333333,13
"D_Interaccion_social_M2Cuido_Materno2023-09-27_08-04-58_0000001 ID 93.wav",780,840,33,60,0.55,14
"D_Interaccion_social_M2Cuido_Materno2023-09-27_08-04-58_0000001 ID 93.wav",840,900,74,60,1.23333333333333,15
"D_Interaccion_social_M2Cuido_Materno2023-09-27_08-04-58_0000001 ID 93.wav",900,960,121,60,2.01666666666667,16
"D_Interaccion_social_M2Cuido_Materno2023-09-27_08-04-58_0000001 ID 93.wav",960,1020,62,60,1.03333333333333,17
"D_Interaccion_social_M2Cuido_Materno2023-09-27_08-04-58_0000001 ID 93.wav",1020,1054.34317,32,34.3431700000001,0.931771877785304,18
"D_Interaccion_social_M2Cuido_Materno2023-09-27_08-30-11_0000002 id 123.wav",0,60,0,60,0,1
"D_Interaccion_social_M2Cuido_Materno2023-09-27_08-30-11_0000002 id 123.wav",60,120,0,60,0,2
"D_Interaccion_social_M2Cuido_Materno2023-09-27_08-30-11_0000002 id 123.wav",120,180,165,60,2.75,3
"D_Interaccion_social_M2Cuido_Materno2023-09-27_08-30-11_0000002 id 123.wav",180,240,271,60,4.51666666666667,4
"D_Interaccion_social_M2Cuido_Materno2023-09-27_08-30-11_0000002 id 123.wav",240,300,240,60,4,5
"D_Interaccion_social_M2Cuido_Materno2023-09-27_08-30-11_0000002 id 123.wav",300,360,233,60,3.88333333333333,6
"D_Interaccion_social_M2Cuido_Materno2023-09-27_08-30-11_0000002 id 123.wav",360,420,167,60,2.78333333333333,7
"D_Interaccion_social_M2Cuido_Materno2023-09-27_08-30-11_0000002 id 123.wav",420,480,79,60,1.31666666666667,8
"D_Interaccion_social_M2Cuido_Materno2023-09-27_08-30-11_0000002 id 123.wav",480,540,114,60,1.9,9
"D_Interaccion_social_M2Cuido_Materno2023-09-27_08-30-11_0000002 id 123.wav",540,600,130,60,2.16666666666667,10
"D_Interaccion_social_M2Cuido_Materno2023-09-27_08-30-11_0000002 id 123.wav",600,660,168,60,2.8,11
"D_Interaccion_social_M2Cuido_Materno2023-09-27_08-30-11_0000002 id 123.wav",660,720,137,60,2.28333333333333,12
"D_Interaccion_social_M2Cuido_Materno2023-09-27_08-30-11_0000002 id 123.wav",720,780,150,60,2.5,13
"D_Interaccion_social_M2Cuido_Materno2023-09-27_08-30-11_0000002 id 123.wav",780,840,123,60,2.05,14
"D_Interaccion_social_M2Cuido_Materno2023-09-27_08-30-11_0000002 id 123.wav",840,900,2,60,0.0333333333333333,15
"D_Interaccion_social_M2Cuido_Materno2023-09-27_08-30-11_0000002 id 123.wav",900,960,127,60,2.11666666666667,16
"D_Interaccion_social_M2Cuido_Materno2023-09-27_08-30-11_0000002 id 123.wav",960,1020,145,60,2.41666666666667,17
"D_Interaccion_social_M2Cuido_Materno2023-09-27_08-30-11_0000002 id 123.wav",1020,1040.90829,30,20.9082900000001,1.43483756921297,18
"D_Interaccion_social_M2Cuido_Materno2023-09-27_08-53-54_0000003 id116.wav",0,60,0,60,0,1
"D_Interaccion_social_M2Cuido_Materno2023-09-27_08-53-54_0000003 id116.wav",60,120,1,60,0.0166666666666667,2
"D_Interaccion_social_M2Cuido_Materno2023-09-27_08-53-54_0000003 id116.wav",120,180,238,60,3.96666666666667,3
"D_Interaccion_social_M2Cuido_Materno2023-09-27_08-53-54_0000003 id116.wav",180,240,255,60,4.25,4
"D_Interaccion_social_M2Cuido_Materno2023-09-27_08-53-54_0000003 id116.wav",240,300,175,60,2.91666666666667,5
"D_Interaccion_social_M2Cuido_Materno2023-09-27_08-53-54_0000003 id116.wav",300,360,107,60,1.78333333333333,6
"D_Interaccion_social_M2Cuido_Materno2023-09-27_08-53-54_0000003 id116.wav",360,420,185,60,3.08333333333333,7
"D_Interaccion_social_M2Cuido_Materno2023-09-27_08-53-54_0000003 id116.wav",420,480,141,60,2.35,8
"D_Interaccion_social_M2Cuido_Materno2023-09-27_08-53-54_0000003 id116.wav",480,540,138,60,2.3,9
"D_Interaccion_social_M2Cuido_Materno2023-09-27_08-53-54_0000003 id116.wav",540,600,112,60,1.86666666666667,10
"D_Interaccion_social_M2Cuido_Materno2023-09-27_08-53-54_0000003 id116.wav",600,660,88,60,1.46666666666667,11
"D_Interaccion_social_M2Cuido_Materno2023-09-27_08-53-54_0000003 id116.wav",660,720,95,60,1.58333333333333,12
"D_Interaccion_social_M2Cuido_Materno2023-09-27_08-53-54_0000003 id116.wav",720,780,48,60,0.8,13
"D_Interaccion_social_M2Cuido_Materno2023-09-27_08-53-54_0000003 id116.wav",780,840,52,60,0.866666666666667,14
"D_Interaccion_social_M2Cuido_Materno2023-09-27_08-53-54_0000003 id116.wav",840,900,70,60,1.16666666666667,15
"D_Interaccion_social_M2Cuido_Materno2023-09-27_08-53-54_0000003 id116.wav",900,960,99,60,1.65,16
"D_Interaccion_social_M2Cuido_Materno2023-09-27_08-53-54_0000003 id116.wav",960,1020,42,60,0.7,17
"D_Interaccion_social_M2Cuido_Materno2023-09-27_08-53-54_0000003 id116.wav",1020,1048.28109,1,28.2810899999999,0.035359316065965,18
"D_Interaccion_social_M2Cuido_Materno2023-09-27_09-18-15_0000004 id 105.wav",0,60,118,60,1.96666666666667,1
"D_Interaccion_social_M2Cuido_Materno2023-09-27_09-18-15_0000004 id 105.wav",60,120,165,60,2.75,2
"D_Interaccion_social_M2Cuido_Materno2023-09-27_09-18-15_0000004 id 105.wav",120,180,146,60,2.43333333333333,3
"D_Interaccion_social_M2Cuido_Materno2023-09-27_09-18-15_0000004 id 105.wav",180,240,179,60,2.98333333333333,4
"D_Interaccion_social_M2Cuido_Materno2023-09-27_09-18-15_0000004 id 105.wav",240,300,142,60,2.36666666666667,5
"D_Interaccion_social_M2Cuido_Materno2023-09-27_09-18-15_0000004 id 105.wav",300,360,148,60,2.46666666666667,6
"D_Interaccion_social_M2Cuido_Materno2023-09-27_09-18-15_0000004 id 105.wav",360,420,155,60,2.58333333333333,7
"D_Interaccion_social_M2Cuido_Materno2023-09-27_09-18-15_0000004 id 105.wav",420,480,158,60,2.63333333333333,8
"D_Interaccion_social_M2Cuido_Materno2023-09-27_09-18-15_0000004 id 105.wav",480,540,150,60,2.5,9
"D_Interaccion_social_M2Cuido_Materno2023-09-27_09-18-15_0000004 id 105.wav",540,600,145,60,2.41666666666667,10
"D_Interaccion_social_M2Cuido_Materno2023-09-27_09-18-15_0000004 id 105.wav",600,660,103,60,1.71666666666667,11
"D_Interaccion_social_M2Cuido_Materno2023-09-27_09-18-15_0000004 id 105.wav",660,720,108,60,1.8,12
"D_Interaccion_social_M2Cuido_Materno2023-09-27_09-18-15_0000004 id 105.wav",720,780,124,60,2.06666666666667,13
"D_Interaccion_social_M2Cuido_Materno2023-09-27_09-18-15_0000004 id 105.wav",780,840,121,60,2.01666666666667,14
"D_Interaccion_social_M2Cuido_Materno2023-09-27_09-18-15_0000004 id 105.wav",840,900,76,60,1.26666666666667,15
"D_Interaccion_social_M2Cuido_Materno2023-09-27_09-18-15_0000004 id 105.wav",900,960,96,60,1.6,16
"D_Interaccion_social_M2Cuido_Materno2023-09-27_09-18-15_0000004 id 105.wav",960,1020,113,60,1.88333333333333,17
"D_Interaccion_social_M2Cuido_Materno2023-09-27_09-18-15_0000004 id 105.wav",1020,1045.200895,24,25.2008949999999,0.952347128941256,18
"D_Interaccion_social_M2Cuido_Materno2023-09-27_09-41-51_0000005.wav",0,60,1,60,0.0166666666666667,1
"D_Interaccion_social_M2Cuido_Materno2023-09-27_09-41-51_0000005.wav",60,120,0,60,0,2
"D_Interaccion_social_M2Cuido_Materno2023-09-27_09-41-51_0000005.wav",120,180,0,60,0,3
"D_Interaccion_social_M2Cuido_Materno2023-09-27_09-41-51_0000005.wav",180,240,0,60,0,4
"D_Interaccion_social_M2Cuido_Materno2023-09-27_09-41-51_0000005.wav",240,300,0,60,0,5
"D_Interaccion_social_M2Cuido_Materno2023-09-27_09-41-51_0000005.wav",300,360,0,60,0,6
"D_Interaccion_social_M2Cuido_Materno2023-09-27_09-41-51_0000005.wav",360,420,0,60,0,7
"D_Interaccion_social_M2Cuido_Materno2023-09-27_09-41-51_0000005.wav",420,480,0,60,0,8
"D_Interaccion_social_M2Cuido_Materno2023-09-27_09-41-51_0000005.wav",480,540,0,60,0,9
"D_Interaccion_social_M2Cuido_Materno2023-09-27_09-41-51_0000005.wav",540,600,0,60,0,10
"D_Interaccion_social_M2Cuido_Materno2023-09-27_09-41-51_0000005.wav",600,660,0,60,0,11
"D_Interaccion_social_M2Cuido_Materno2023-09-27_09-41-51_0000005.wav",660,720,0,60,0,12
"D_Interaccion_social_M2Cuido_Materno2023-09-27_09-41-51_0000005.wav",720,780,0,60,0,13
"D_Interaccion_social_M2Cuido_Materno2023-09-27_09-41-51_0000005.wav",780,840,0,60,0,14
"D_Interaccion_social_M2Cuido_Materno2023-09-27_09-41-51_0000005.wav",840,900,0,60,0,15
"D_Interaccion_social_M2Cuido_Materno2023-09-27_09-41-51_0000005.wav",900,960,0,60,0,16
"D_Interaccion_social_M2Cuido_Materno2023-09-27_09-41-51_0000005.wav",960,1020,0,60,0,17
"D_Interaccion_social_M2Cuido_Materno2023-09-27_09-41-51_0000005.wav",1020,1061.912575,0,41.9125750000001,0,18
